<keymap version="1" name="umechanhika keymap" parent="Mac OS X 10.5+">
  <action id="$ChooseTranslatorAction" />
  <action id="$ShowTranslationDialogAction" />
  <action id="$TranslateAndReplaceAction">
    <keyboard-shortcut first-keystroke="shift ctrl meta u" />
  </action>
  <action id="ActivateLogcatToolWindow">
    <keyboard-shortcut first-keystroke="ctrl l" />
  </action>
  <action id="ActivateTerminalToolWindow">
    <keyboard-shortcut first-keystroke="ctrl t" />
  </action>
  <action id="ActivateVersionControlToolWindow">
    <keyboard-shortcut first-keystroke="ctrl v" />
  </action>
  <action id="ChangesView.GroupBy.Directory" />
  <action id="CheckinProject">
    <keyboard-shortcut first-keystroke="meta k" />
    <keyboard-shortcut first-keystroke="shift meta c" />
  </action>
  <action id="CloseAllEditors">
    <keyboard-shortcut first-keystroke="shift ctrl meta w" />
  </action>
  <action id="CloseAllEditorsButActive">
    <keyboard-shortcut first-keystroke="shift meta w" />
  </action>
  <action id="CopyPaths" />
  <action id="Editor EditorTranslateAction">
    <keyboard-shortcut first-keystroke="ctrl meta u" />
  </action>
  <action id="Editor Paste">
    <keyboard-shortcut first-keystroke="meta v" />
  </action>
  <action id="Editor TranslateAndReplaceAction">
    <keyboard-shortcut first-keystroke="shift ctrl meta u" />
  </action>
  <action id="EditorLeft">
    <keyboard-shortcut first-keystroke="left" />
  </action>
  <action id="EditorRight">
    <keyboard-shortcut first-keystroke="right" />
  </action>
  <action id="EditorToggleColumnMode" />
  <action id="FileChooser.TogglePathShowing" />
  <action id="FindUsages">
    <keyboard-shortcut first-keystroke="alt f7" />
    <keyboard-shortcut first-keystroke="alt 7" />
  </action>
  <action id="Flutter.Toolbar.ReloadAction">
    <keyboard-shortcut first-keystroke="meta back_slash" />
    <keyboard-shortcut first-keystroke="meta s" />
  </action>
  <action id="Generate">
    <keyboard-shortcut first-keystroke="ctrl enter" />
  </action>
  <action id="Git.Branches">
    <keyboard-shortcut first-keystroke="ctrl b" />
  </action>
  <action id="Git.Fetch">
    <keyboard-shortcut first-keystroke="ctrl f" />
  </action>
  <action id="Git.Interactive.Rebase">
    <keyboard-shortcut first-keystroke="shift meta r" />
  </action>
  <action id="Git.Pull">
    <keyboard-shortcut first-keystroke="shift meta p" />
  </action>
  <action id="GotoNextError">
    <keyboard-shortcut first-keystroke="f2" />
    <keyboard-shortcut first-keystroke="alt 2" />
  </action>
  <action id="GotoPreviousError">
    <keyboard-shortcut first-keystroke="shift f2" />
    <keyboard-shortcut first-keystroke="shift alt 2" />
  </action>
  <action id="QuickJavaDoc">
    <keyboard-shortcut first-keystroke="f1" />
    <mouse-shortcut keystroke="control button2" />
  </action>
  <action id="QuickList.Context Actions">
    <keyboard-shortcut first-keystroke="ctrl c" />
  </action>
  <action id="QuickList.Git Action">
    <keyboard-shortcut first-keystroke="ctrl g" />
  </action>
  <action id="QuickList.Git Actions">
    <keyboard-shortcut first-keystroke="ctrl g" />
  </action>
  <action id="QuickList.JIRA Actions">
    <keyboard-shortcut first-keystroke="ctrl j" />
  </action>
  <action id="QuickList.Task Actions">
    <keyboard-shortcut first-keystroke="ctrl t" />
  </action>
  <action id="Refactorings.QuickListPopupAction" />
  <action id="RenameElement">
    <keyboard-shortcut first-keystroke="shift f6" />
    <keyboard-shortcut first-keystroke="alt 6" />
  </action>
  <action id="ReplaceInPath" />
  <action id="RerunTests">
    <keyboard-shortcut first-keystroke="shift alt r" />
  </action>
  <action id="SaveAll" />
  <action id="SelectNextOccurrence" />
  <action id="ShelveChanges.UnshelveWithDialog" />
  <action id="TodoViewGroupByShowPackages" />
  <action id="Vcs.QuickListPopupAction" />
  <action id="Vcs.UpdateProject" />
  <action id="ViewBreakpoints">
    <keyboard-shortcut first-keystroke="shift meta f8" />
    <keyboard-shortcut first-keystroke="shift meta 8" />
  </action>
  <action id="android.deploy.ApplyChanges">
    <keyboard-shortcut first-keystroke="ctrl meta r" />
  </action>
  <action id="android.deploy.CodeSwap">
    <keyboard-shortcut first-keystroke="shift ctrl meta r" />
  </action>
</keymap>